Site_ID,Proposed_Region,Latitude,Longitude,Native_Title_Status
GF-SITE-001,Kimberley,-17.58537,123.1497,Pending
GF-SITE-002,Kimberley,-17.6308,127.91967,Pending
GF-SITE-003,Goldfields,-28.33296,123.58535,Approved
GF-SITE-004,Kimberley,-17.97552,127.87884,Approved
GF-SITE-005,Kimberley,-16.10166,125.35576,Approved
GF-SITE-006,Mid West,-26.02509,114.94748,Pending
GF-SITE-007,Pilbara,-21.76648,120.41239,Approved
GF-SITE-008,Kimberley,-14.27606,123.77578,Approved
GF-SITE-009,Mid West,-26.62242,117.4846,Approved
GF-SITE-010,Mid West,-28.77158,117.05656,Pending
GF-SITE-011,Kimberley,-17.18444,123.63299,Pending
GF-SITE-012,Mid West,-27.97355,116.00529,Pending
GF-SITE-013,Mid West,-26.4008,116.36301,Approved
GF-SITE-014,Goldfields,-26.13149,124.17779,Approved
GF-SITE-015,Goldfields,-26.26006,121.87414,Approved
GF-SITE-016,Gascoyne,-24.26321,114.0814,Approved
GF-SITE-017,Goldfields,-29.18985,124.76211,Pending
GF-SITE-018,Kimberley,-17.87426,128.13972,Approved
GF-SITE-019,Goldfields,-29.57397,123.33612,Pending
GF-SITE-020,Pilbara,-20.96347,116.38352,Approved
GF-SITE-021,Pilbara,-23.03751,119.56463,Approved
GF-SITE-022,Gascoyne,-24.46306,115.3412,Pending
GF-SITE-023,Gascoyne,-24.1664,115.95822,Approved
GF-SITE-024,Mid West,-26.70753,115.35014,Approved
GF-SITE-025,Pilbara,-22.03214,116.15353,Pending
GF-SITE-026,Gascoyne,-24.65276,115.21271,Pending
GF-SITE-027,Mid West,-27.93911,114.54415,Approved
GF-SITE-028,Kimberley,-15.57304,124.51566,Approved
GF-SITE-029,Kimberley,-16.98028,126.64593,Approved
GF-SITE-030,Mid West,-27.17336,117.27489,Approved
GF-SITE-031,Gascoyne,-24.7424,113.86207,Approved
GF-SITE-032,Pilbara,-22.50693,117.14759,Approved
GF-SITE-033,Kimberley,-14.56865,127.61095,Pending
GF-SITE-034,Kimberley,-15.94119,126.64851,Approved
GF-SITE-035,Mid West,-27.48453,116.29966,Approved
GF-SITE-036,Mid West,-27.96398,115.10287,Approved
GF-SITE-037,Goldfields,-29.69174,123.13749,Pending
GF-SITE-038,Pilbara,-21.04165,120.39504,Pending
GF-SITE-039,Mid West,-27.1917,115.26105,Pending
GF-SITE-040,Gascoyne,-25.73212,115.10447,Pending
GF-SITE-041,Goldfields,-29.79538,123.97878,Approved
GF-SITE-042,Mid West,-26.11897,116.29372,Approved
GF-SITE-043,Gascoyne,-24.16165,115.50976,Approved
GF-SITE-044,Mid West,-26.03548,116.34693,Pending
GF-SITE-045,Gascoyne,-25.8477,115.98302,Approved
GF-SITE-046,Gascoyne,-24.24231,115.59378,Approved
GF-SITE-047,Mid West,-26.95693,115.38828,Approved
GF-SITE-048,Kimberley,-14.55261,128.41222,Approved
GF-SITE-049,Mid West,-26.86858,115.1126,Approved
GF-SITE-050,Pilbara,-21.00508,119.24349,Approved
GF-SITE-051,Pilbara,-21.93561,117.19134,Pending
GF-SITE-052,Pilbara,-20.57264,120.92665,Pending
GF-SITE-053,Mid West,-28.90975,117.71983,Approved
GF-SITE-054,Gascoyne,-25.47477,113.93101,Pending
GF-SITE-055,Kimberley,-15.15324,125.6208,Approved
GF-SITE-056,Pilbara,-23.13662,120.08107,Approved
GF-SITE-057,Pilbara,-22.97281,116.01056,Approved
GF-SITE-058,Gascoyne,-25.03515,114.58493,Approved
GF-SITE-059,Kimberley,-15.96831,126.10396,Pending
GF-SITE-060,Gascoyne,-23.70112,115.19184,Pending
GF-SITE-061,Kimberley,-17.95518,122.54347,Approved
GF-SITE-062,Goldfields,-29.08142,121.4647,Approved
GF-SITE-063,Pilbara,-20.80678,117.44681,Approved
GF-SITE-064,Pilbara,-21.57654,116.42526,Approved
GF-SITE-065,Kimberley,-14.85532,123.79636,Pending
GF-SITE-066,Gascoyne,-24.39621,113.98747,Approved
GF-SITE-067,Gascoyne,-25.20902,115.1907,Approved
GF-SITE-068,Kimberley,-17.20578,127.02512,Approved
GF-SITE-069,Mid West,-26.252,114.51228,Pending
GF-SITE-070,Goldfields,-26.28271,125.76248,Approved
GF-SITE-071,Mid West,-26.49773,115.65993,Pending
GF-SITE-072,Kimberley,-16.25635,128.32089,Pending
GF-SITE-073,Mid West,-28.19398,114.75839,Pending
GF-SITE-074,Mid West,-26.25158,115.54682,Approved
GF-SITE-075,Kimberley,-15.18368,127.79676,Pending
GF-SITE-076,Goldfields,-30.99207,123.2351,Approved
GF-SITE-077,Mid West,-27.15764,117.72838,Approved
GF-SITE-078,Gascoyne,-24.82642,114.80698,Approved
GF-SITE-079,Gascoyne,-24.09948,114.57474,Approved
GF-SITE-080,Goldfields,-28.23019,122.8896,Pending
GF-SITE-081,Gascoyne,-24.44542,113.89826,Approved
GF-SITE-082,Kimberley,-15.88818,125.50958,Approved
GF-SITE-083,Gascoyne,-23.75573,114.91438,Approved
GF-SITE-084,Mid West,-26.65523,114.75427,Approved
GF-SITE-085,Gascoyne,-24.92811,114.40755,Pending
GF-SITE-086,Gascoyne,-24.86382,114.44264,Pending
GF-SITE-087,Pilbara,-23.12049,120.71634,Approved
GF-SITE-088,Goldfields,-28.72724,125.81696,Approved
GF-SITE-089,Gascoyne,-23.92241,113.96693,Approved
GF-SITE-090,Kimberley,-15.78682,122.03799,Pending
GF-SITE-091,Gascoyne,-25.07864,113.848,Approved
GF-SITE-092,Mid West,-27.91638,116.28674,Pending
GF-SITE-093,Kimberley,-16.15772,124.96997,Pending
GF-SITE-094,Pilbara,-22.03517,117.92548,Approved
GF-SITE-095,Kimberley,-17.61371,126.37433,Pending
GF-SITE-096,Gascoyne,-25.63837,113.72976,Pending
GF-SITE-097,Mid West,-26.1801,116.0251,Approved
GF-SITE-098,Pilbara,-21.69052,118.38764,Approved
GF-SITE-099,Kimberley,-16.20288,127.27256,Pending
GF-SITE-100,Goldfields,-27.39497,122.83221,Pending
GF-SITE-101,Kimberley,-14.70677,124.25297,Approved
GF-SITE-102,Mid West,-26.49968,114.6588,Approved
GF-SITE-103,Gascoyne,-25.68395,115.6123,Approved
GF-SITE-104,Goldfields,-28.51528,121.0003,Approved
GF-SITE-105,Kimberley,-17.74652,124.59544,Pending
GF-SITE-106,Goldfields,-28.94996,125.7532,Approved
GF-SITE-107,Pilbara,-21.01816,117.39223,Pending
GF-SITE-108,Pilbara,-21.9907,120.59771,Approved
GF-SITE-109,Goldfields,-30.97472,121.4448,Approved
GF-SITE-110,Gascoyne,-25.54308,115.22212,Pending
GF-SITE-111,Pilbara,-23.22973,120.96843,Approved
GF-SITE-112,Gascoyne,-23.68951,115.4871,Approved
GF-SITE-113,Mid West,-28.80227,117.25205,Pending
GF-SITE-114,Kimberley,-17.63413,125.73335,Pending
GF-SITE-115,Gascoyne,-25.555,114.65955,Pending
GF-SITE-116,Kimberley,-16.74007,124.77812,Pending
GF-SITE-117,Kimberley,-15.02453,123.47818,Pending
GF-SITE-118,Mid West,-28.84028,116.49329,Approved
GF-SITE-119,Kimberley,-16.1505,127.2628,Approved
GF-SITE-120,Kimberley,-17.98159,125.14513,Pending
GF-SITE-121,Kimberley,-14.49097,125.73102,Approved
GF-SITE-122,Goldfields,-27.50437,122.13502,Approved
GF-SITE-123,Gascoyne,-24.69524,114.53301,Approved
GF-SITE-124,Pilbara,-20.90439,118.06063,Approved
GF-SITE-125,Goldfields,-29.60486,123.36109,Approved
GF-SITE-126,Kimberley,-14.16266,127.1547,Approved
GF-SITE-127,Pilbara,-20.56779,117.01092,Approved
GF-SITE-128,Gascoyne,-25.79339,115.75424,Pending
GF-SITE-129,Kimberley,-17.85791,124.15989,Approved
GF-SITE-130,Gascoyne,-24.34003,114.5082,Pending
GF-SITE-131,Kimberley,-16.12691,123.929,Pending
GF-SITE-132,Goldfields,-28.81075,123.62009,Pending
GF-SITE-133,Pilbara,-22.48781,120.59198,Approved
GF-SITE-134,Kimberley,-16.37747,123.77456,Approved
GF-SITE-135,Kimberley,-15.01867,124.91073,Approved
GF-SITE-136,Pilbara,-20.53082,120.98228,Pending
GF-SITE-137,Gascoyne,-24.74155,114.86791,Pending
GF-SITE-138,Goldfields,-26.99899,122.91313,Pending
GF-SITE-139,Goldfields,-28.97054,121.6895,Approved
GF-SITE-140,Goldfields,-30.73464,125.08152,Pending
GF-SITE-141,Kimberley,-16.42611,124.91841,Approved
GF-SITE-142,Kimberley,-16.54311,124.58093,Approved
GF-SITE-143,Pilbara,-21.31244,116.04867,Approved
GF-SITE-144,Goldfields,-26.48843,122.62276,Approved
GF-SITE-145,Goldfields,-27.3469,124.33041,Approved
GF-SITE-146,Pilbara,-23.20081,116.41667,Approved
GF-SITE-147,Gascoyne,-23.64649,113.73689,Pending
GF-SITE-148,Kimberley,-17.4307,127.23537,Pending
GF-SITE-149,Mid West,-26.95407,114.68894,Pending
GF-SITE-150,Pilbara,-21.59846,118.03061,Approved
